venue_id,city_id,venue
63d5866f,6325494,Centre Vidéotron
2bd230ca,6167865,Scotiabank Arena
73d6ca11,4908179,Allstate Arena
53d637ad,5045360,Xcel Energy Center
4bd0bfb2,5419384,Ball Arena
4bd637be,5780993,Delta Center
5bd61f78,5812944,Tacoma Dome
5bd4f7c4,5746545,Moda Center
5bd6c3c8,5389489,Discovery Park
3bd0f878,5308655,Footprint Center
2bd02c76,5359488,Kia Forum
3bd0a0f0,5506956,Michelob ULTRA Arena
23d3a4fb,5336899,North Island Credit Union Amphitheatre
33d34031,1848354,PIA ARENA MM
13d341c1,1850147,TOKYO GARDEN THEATER
53d23799,1853909,Osaka-jou Hall
23d1707f,1849814,Sky Hall Toyota
6bd55ad6,2193733,Spark Arena
13d5c951,2147714,Qudos Bank Arena
5bd61fe4,2174003,Brisbane Entertainment Centre
bd6cdfe,2158177,Rod Laver Arena
1bd62500,2078025,Adelaide Entertainment Centre
3d20d13,2063523,RAC Arena
13d39d15,5359446,Empire Polo Club
33d65801,6173331,Rogers Arena
bd519aa,5946768,Rogers Place
13d7a181,5913490,Scotiabank Saddledome
7bd21a2c,2815623,Hauptstrasse
2bd6cc7a,2867714,Olympiahalle
7bd63ab0,2925533,Festhalle
73d61e71,2935517,Westfalenhalle
73d00689,3109453,Bizkaia Arena
1bd001c0,2519438,Estadio Enrique Roca de Murcia
63d6367b,3128760,Palau Sant Jordi
23d46ca3,3173435,Ippodromo del Galoppo di San Siro
13d2c599,2791301,Sportpaleis
53d7378d,2759794,Ziggo Dome
73d466b5,2643743,The O2 Arena
13d36109,2655603,Utilita Arena Birmingham
1bd5e1d0,2641170,Motorpoint Arena
4bd35b96,2643123,AO Arena
33d49495,2644689,First Direct Arena
63d0eacb,2648579,The OVO Hydro
23d4082f,2964574,3Arena
7bd02678,2910831,ZAG-Arena
5bd62368,2657896,Hallenstadion
73d61edd,3024578,Val de Moine
73d1c249,3094802,TAURON Arena Kraków
63d3c623,2879139,QUARTERBACK Immobilien ARENA
43d63fdb,2689246,Norje Havsbad
7bd61e54,3161732,Koengen
1bd0d104,634963,Nokia Arena
6bd0765e,3067696,O2 arena
23d074f7,3196359,Arena Stožice
3bd40404,4174757,Amalie Arena
4bd6cfb6,4469146,Greensboro Coliseum
3bd2b05c,4140963,Capital One Arena
23d63823,5101798,Prudential Center
7bd0da88,5116508,UBS Arena
13d63961,4956184,DCU Center
33d37431,6094817,Canadian Tire Centre
5bd4cbd4,5969785,FirstOntario Centre
13d55569,4990729,Little Caesars Arena
1bd63994,4509177,Nationwide Arena
63d0f2d3,4887398,United Center
73d406f1,5231851,Denny Sanford Premier Center
4bd6c37a,5811696,Spokane Arena
63d0ea07,5809844,Climate Pledge Arena
23d62007,5339111,Concord Pavilion
5bd637a8,5323810,Honda Center
53d62719,5784607,USANA Amphitheatre
4bd62312,4553433,BOK Center
3bd02c30,4671654,Moody Center
3bd618f0,5520993,Don Haskins Center
53d63be5,3530597,Foro Sol
1bd63db4,3448439,Estádio do Morumbi
7bd50ad4,3451190,Parque Olímpico
1bd30960,3451328,Arena Eurobike
7bd62ea8,3464975,Pedreira Paulo Leminski
3d071bb,2265464,Estádio Nacional do Jamor
5bd4b3cc,3128760,Estadi Olímpic Lluís Companys
3d021bb,2925533,Deutsche Bank Park
63d52a5f,756135,PGE Narodowy
3bd61c34,2711537,Ullevi Stadium
13d48951,2944388,Bürgerweide
6bd49ada,264371,Olympic Stadium
63d49a07,727011,Arena Armeec
63d00eb7,2761353,Stadion
63d63e1f,2825297,Cannstatter Wasen
5bd61fb0,2950159,Waldbühne
13d7f5d5,2886242,RheinEnergieStadion
53d62721,2759661,Gelredome
1bd265e0,2990970,Paris La Défense Arena
73d392b1,6942479,Ekebergsletta
4bd397ba,3067696,Sinobo Stadium
13d7fd41,2618425,Refshaleøen
3bd1f444,2799511,Festivalterrein Stenehei
63d6ce7f,2655984,Ormeau Park
33d6c8cd,2653591,Donington Park
3d5e957,3054638,Groupama Aréna
3bd23c8c,656913,Hyvinkään lentokenttä
4bd7778a,456172,Arēna Rīga
6bd7d6d2,598316,Žalgiris Arena
5bd62f98,683506,Romexpo
4bd267fa,792680,Štark Arena
33d508b9,3186886,Arena Zagreb
63d622c3,3871336,Estadio Nacional
73d62229,3871336,Movistar Arena
1bd609fc,3435910,Estadio Vélez Sarsfield
1bd75560,3452925,Arena do Grêmio
bd635a6,3530597,Palacio de los Deportes
4bd62332,4726206,AT&T Center
3bd63cf4,4736476,Cynthia Woods Mitchell Pavilion
73d2c6e5,4684888,Dos Equis Pavilion
1bd1d5c0,5454711,Isleta Amphitheater
4bd5a3c6,5308655,Talking Stick Resort Arena
53d23f6d,5368361,Banc of California Stadium
5bd6378c,5506956,MGM Grand Garden Arena
63d6366f,5378538,Oracle Arena
53d5c7d5,5389489,Golden 1 Center
3bd2b890,6183235,Bell MTS Place
bd2c106,4924198,Ruoff Home Mortgage Music Center
bd5a1aa,4913723,Hollywood Casino Amphitheatre
23d6746f,4644585,Bridgestone Arena
73d51671,5206379,PPG Paints Arena
2bd4a04a,4508722,Riverbend Music Center
1bd519cc,5110629,KeyBank Center
23d57453,6167865,Budweiser Stage
6bd6d222,6077243,Centre Bell
13d2f571,4835797,XFINITY Theatre
4bd4e71a,4943021,Xfinity Center
3bd65058,4560349,Wells Fargo Center
2bd77066,5110302,Barclays Center
3d66993,4749007,Jiffy Lube Live
43d4e71b,4460243,PNC Music Pavilion
7bd23ef4,4180439,Cellairis Amphitheatre at Lakewood
6bd772fe,4174403,BB&T Center
13d4690d,2655603,Genting Arena
3d73de3,2643123,Manchester Arena
2bd5dc76,2657832,Aberdeen Exhibition and Conference Centre
73d5a27d,2655984,The SSE Arena Belfast
23d40057,2641673,Metro Radio Arena
2bd540c6,728193,Rowing Canal
4bd4bb8a,257886,Terra Vibe
13d6d191,3165185,Piazza Unità d'Italia
73d04631,3117735,Estadio Metropolitano
3bd28810,2267057,Altice Arena
2bd5f872,2988507,AccorHotels Arena
5bd60ba4,2925177,Neue Messe
1bd7154c,3045190,Lővér Kemping
73d63ab1,2660646,Arena de Genève
53d5abf9,3067696,Letiště Praha Letňany
bd62532,2770630,Pannonia Fields II
5bd5af60,3176959,Visarno Arena Firenze
2bd76cf6,2910831,Expo-Plaza
23d61c33,2867714,Königsplatz
73d512e9,2618425,Royal Arena
13d2c551,3133880,Dahls Arena
3bd49cf8,2673730,Tele2 Arena
63d61e53,658225,Hartwall Areena
2bd63826,588409,Saku Suurhall
7bd4624c,4397340,Hollywood Casino Amphitheatre
5bd61fa0,4393217,Sprint Center
2bd4886e,5072006,Pinnacle Bank Arena
13d5e579,5506956,T-Mobile Arena
bd5412e,5391710,Glen Helen Amphitheater
43d61fa3,4684888,American Airlines Center
4bd61fc6,4699066,Toyota Center
6bd7ca12,4544349,Chesapeake Energy Arena
3bd378a8,2653822,Motorpoint Arena Cardiff
73d476f9,2655603,Barclaycard Arena
7bd63ac8,2644210,Echo Arena
23d40cb3,2657832,AECC GE Oil & Gas Arena
23d4703b,2648579,The SSE Hydro
53d62f09,2638077,Sheffield Arena
bd58552,2911298,Barclaycard Arena
73d61e5d,2860408,König-Pilsener-Arena
43d22f73,6693269,Rockhal Main Hall
3bd0189c,683506,Piața Constituției
7bd66284,3190261,Spaladium Arena
7bd60658,3169070,Ippodromo delle Capannelle
33d7cccd,6534466,Mediolanum Forum di Assago
53d05701,2659422,Plaine de l'Asse
3bd4246c,3109981,Parc de Can Zam
53d01381,2510911,Estadio La Cartuja de Sevilla
73d47e15,3117735,Barclaycard Center
33d4a8c9,2267057,MEO Arena
23d40093,6359224,Campo de fútbol Celeiro
33d5dcd5,3056508,Letisko Žilina
3d759d7,3067696,Stadion Eden
5bd7e7d4,3081368,Stadion Miejski
63d5a6f3,659180,Kantolan Tapahtumapuisto
13d63975,524901,Olympijskiy Stadium
3bd780ec,2620425,Jyske Bank Boxen
7bd61e6c,2799511,Boeretang
6bd79202,3156764,Telenor Arena
33d6c4d9,2988507,Hippodrome de Longchamp
3d6253f,2761369,Donauinsel
2bd53cba,2659811,Allmend
4bd63716,2867714,Olympiastadion
5bd58f68,993800,Carnival City Festival Lawns
7bd37e18,3369157,Grand Arena at GrandWest Casino
73d76aa5,2063523,Perth Arena
2bd6382a,2193733,Vector Arena
5bd41348,2192362,Horncastle Arena
63d4ce37,1796236,Mercedes-Benz Arena
bd5e51a,1816670,LeSports Center
4bd217ee,1850147,Ryougoku Kokugikan
7bd3cea4,5359488,The Forum
53d61fad,5419384,Pepsi Center
63d6ce7b,5946768,Rexall Place
23d63847,4984565,The Palace of Auburn Hills
1bd6d918,6167865,Air Canada Centre
23d63cc7,5128581,Madison Square Garden
6bd41616,3448439,Allianz Parque
13d4e9a9,3399415,Arena Castelão
5bd63fd8,3469058,Ginásio Nilson Nelson
3bd48c1c,3470127,Esplanada do Mineirão
23d6c0f7,3451190,HSBC Arena
bd75102,3860259,Estadio Mario Alberto Kempes
6bd62e12,3621849,Estadio Ricardo Saprissa
2bd4bcee,3583361,"Estadio Jorge ""Mágico"" González"
1bd7b9a0,11414139,Auditorio Banamex
5bd637b4,5506956,Mandalay Bay Events Center
73d2ee9d,2645161,Knebworth House
3bd65878,3036784,La Citadelle
43d70bab,2960135,Herchesfeld
13d49ded,2688368,Bråvalla Flygfottilj
13d4dd95,3088171,INEA Stadion
6bd73a92,792680,Kalemegdan Park
bd05156,7286458,Flugplatz Interlaken
43d63737,2861650,Zeppelinfeld
43d6cb0f,3078610,Velodrom
73d786a5,2861653,Nürburgring
33d7bc45,3054638,Papp László Sportaréna
1bd4318c,3181928,Arena Joe Strummer
7bd61e68,2750053,Goffertpark
23d7985f,3474570,Jockey Club
7bd62eb4,3435910,Estadio River Plate
4bd78b82,3464975,Bio Parque
3bd6d854,3451190,Cidade do Rock
6bd7daa2,3448439,Arena Anhembi
3bd6303c,5391710,San Manuel Amphitheater
3d47943,4671654,Austin360 Amphitheater
63d6caab,4397340,Verizon Wireless Amphitheater
43d63b5b,4487042,Walnut Creek Amphitheatre
1bd671b0,745042,Inönü Stadyumu
bd6c97a,658225,Olympiastadion
13d7cdb1,498817,Ledovy Dvorets
73d4b2d5,2675397,Friends Arena
33d6608d,2692969,Malmö Stadion
7bd49ebc,2860408,Open Air an der KöPi-Arena
7bd7b608,3099434,Ergo Arena
bd675e6,3093133,Atlas Arena
6bd53612,2959945,Natursportpark Hirtenhof
33d71071,6299653,Letiště Piešťany
73d61e81,2762714,Schwarzl Freizeitzentrum
4bd66742,2911298,O2 World
63d6367f,2950159,O2 World
3bd7e824,3037838,Snowhall Parc
3bd78068,3169447,Arena Concerti - Fiera Milano
1bd6cd04,2988507,Palais Omnisports de Paris-Bercy
bd1e9da,3128760,Parc del Fòrum
53d653bd,6359344,Auditorio Miguel Ríos
33d678d1,3109453,Bilbao Exhibition Centre
63d78e3b,4684888,Gexa Energy Pavilion
4bd7b736,5423908,Comfort Dental Amphitheatre
13d64d1d,5454711,Hard Rock Casino Albuquerque Presents The Pavilion
7bd13600,5359777,Verizon Wireless Amphitheatre
63d7fa8b,5308655,Ashley Furniture HomeStore Pavilion
4bd6d3a2,5408617,Sleep Train Amphitheatre
5bd6d7b4,5375480,Shoreline Amphitheatre
63d66acf,5785965,White River Amphitheatre
53d6c705,6173331,Pacific Coliseum
73d6ce79,6183235,MTS Centre
5bd00b18,5247387,Amphitheater Venue
43d73f3b,4924198,Klipsch Music Center
bd6359a,4988998,DTE Energy Music Theatre
43d6c3b3,5114500,Darien Lake Performing Arts Center
6bd6ce5a,6141190,Centennial Park
4bd6c372,6167865,Molson Amphitheatre
3d7258b,6325494,Colisée Pepsi
53d2dfe5,6094817,LeBreton Flats Park
6bd63eaa,4913723,First Midwest Bank Amphitheatre
63d63eaf,5263045,Marcus Amphitheater
53d63b69,4501018,Susquehanna Bank Center
3bd6d810,5143198,Nikon at Jones Beach Theater
43d63b2f,4943021,Comcast Center
53d657cd,4180439,Aaron's Amphitheatre at Lakewood
5bd63700,4460243,Verizon Wireless Amphitheatre
5bd62734,2655984,Odyssey Arena
bd6353a,2655603,National Indoor Arena
4bd6236a,2643123,Manchester Evening News Arena
bd639e2,2641170,Trent FM Arena Nottingham
5bd7bb90,2638077,Motorpoint Arena
4bd213f2,2648579,Scottish Exhibition and Conference Centre
4bd07bb6,3121437,Open Air Getafe
1bd481b4,2268339,Algarve Bikers Festival Grounds
23d6c423,498817,SKK Arena
5bd0e738,2783844,Festivalpark
5bd5b3ac,2614481,Dyrskuepladsen
3bd7fc0c,3175537,Autodromo Internazionale Enzo e Dino Ferrari
3bd0504c,2659551,St. Jakobshalle
23d62c27,745042,Maçka Küçükçiftlik Park
2bd60c0e,3067696,Výstavište
43d71ba7,756135,Lotnisko Bemowo
6bd61e6e,2825297,Hanns-Martin-Schleyer-Halle
bd6d902,4174757,St. Pete Times Forum
3bd63c18,4174403,BankAtlantic Center
4bd60be2,4568127,Coliseo José Miguel Agrelot
43d02f1f,6317953,Expotrade Convention Center
43d1d38f,3393536,Área Externa do Centro de Convenções
53d45791,3405870,Parque de Exposições
3bd7b8b4,3469058,Estacionamento do Estádio Mané Garrincha
6bd602c6,3936454,Estadio San Marcos
5bd63b18,3688689,Parque Simón Bolívar
7bd67ec8,1835848,Olympic Gymnastics Arena
3d321ef,2063523,Claremont Showground
6bd62ab2,2078025,Bonython Park
33d6c4e9,2158177,Royal Melbourne Showgrounds
63d29a0f,2147714,Sydney Showground
33d31491,2174003,Brisbane Showgrounds
6bd6c65e,2147714,Sydney Entertainment Centre
7bd62af0,2158177,Hisense Arena
23d79c63,1650534,Garuda Wisnu Kencana
bd79dfe,1642911,Carnaval Beach Ancol
73d62205,1880252,Singapore Indoor Stadium
3d6494f,2509954,Auditorio Marina Sur
53d2375d,2796490,Domein Kiewit
13d601f9,3178496,Villa Manin
5bd7f788,681290,Polus Center
23d6d46b,3054638,Óbudai-Sziget
3bd654f4,640999,Kirjurinluoto
13d64d3d,2673730,Stora skuggan
3d6211b,2964574,The O2
5bd627e0,5151613,Blossom Music Center
3d65997,5182414,First Niagara Pavilion
4bd61fe6,5099193,PNC Bank Arts Center
63d5662b,6325494,Plaines d'Abraham
53d63f19,6141256,Credit Union Centre
5bd63be4,5913490,Pengrowth Saddledome
4bd637ae,6173331,General Motors Place
53d61fed,5339111,Sleep Train Pavilion
7bd6caf8,5308655,Cricket Wireless Pavilion
43d637f3,4684888,Superpages.com Center
3bd628e0,3390760,Jockey Club
63d6762f,3936454,Estadio Nacional
53d62bf9,3871336,Club Hípico
3bd650c4,3469058,Estádio Mané Garrincha
bd6751e,3470127,Ginásio Mineirinho
5bd6c74c,3448439,Autódromo de Interlagos
3d6c50f,3451190,Praça da Apoteose
3d6d17b,cu:aa1a5c16-06c7-11e6-b736-22000bb3106b,Sambodromo
6bd6c652,3652462,Estadio del Aucas
4bd63b1a,3646738,Estacionamiento del Poliedro de Caracas
7bd6d684,3624955,Estadio Alejandro Morera Soto
23d638cf,4005539,Arena VFG
bd639ea,11414139,Estadio Universitario
1bd651a4,2192362,Westpac Arena
43d6c743,2193733,Mount Smart Stadium
5bd63714,1277333,Palace Grounds
1bd37994,292223,Dubai Media City Amphitheatre
4bd61782,792680,Beogradska Arena
63d6268f,2759633,TT Circuit
43d6cb47,3190261,Stadion Poljud
33d64405,756135,Stadion Gwardia
13d6cdf5,683506,Stadionul Cotroceni
63d7d21b,2619771,Godsbanepladsen
43d61fcf,6942479,Valle Hovin
7bd62ad8,3133880,Lerkendal
4bd6cb26,634963,Ratinan Stadion
4bd7af3a,2673730,Stockholms Stadion
7bd61254,2509832,Albergue Juvenil de Mérida
4bd62b4e,2267057,Parque do Tejo
4bd5974e,2635308,Twickenham Stadium
53d63b2d,3181928,Arena Parco Nord
53d62765,6077243,Parc Jean-Drapeau
53d61ff5,4352053,Merriweather Post Pavilion
53d6c3f5,6119109,Brandt Centre
5bd6272c,5454711,Journal Pavilion
53d6272d,4727785,Verizon Wireless Amphitheater
3d63547,5097459,Izod Center
7bd47ab8,3871336,Pista Atlética Estadio Nacional
43d72333,3435910,Estadio Ferrocarril Oeste
2bd6247e,3452925,Gigantinho
bd6c546,3448439,Estádio Palestra Itália
6bd63af6,11414139,Arena Monterrey
13d43939,3979770,Auditorio Telmex
7bd08e34,2113015,Makuhari Messe Kokusai Tenjijou
23d34c27,1848354,"PACIFICO Yokohama, Kokuritsu Dai Hall"
63d61e77,2147714,Acer Arena
13d6cdfd,2063523,Burswood Dome
1bd6cdfc,1275339,MMRDA Grounds Bandra-Kurla Complex
33d6c805,2643743,Carling Academy Brixton
73d61e6d,3128026,Kobetamendi
5bd63790,3169070,Stadio Olimpico
3bd63cf8,2934246,ISS Dome
73d23e0d,2758992,Evenemententerrein Walibi Holland
bd605a6,3173529,Parco San Giuliano
13d625d9,2875376,Südweststadion
73d6d681,3068799,FC Baník Ostrava
13d679e5,727011,Lokomotive Stadium
bd6090e,3196359,Stadion Bežigrad
13d2ed31,792680,Beogradski sajam - Hala 1
7bd6d680,264371,Hellinikon Arena
4bd77fe2,292223,Country Club
23d6c82f,2643743,Earls Court
4bd6336e,2964574,Point Theatre
73d6c231,2638077,Hallam FM Arena
13d6d911,2655603,NEC Arena
5bd63bc0,2653822,Cardiff International Arena
7bd79e08,2643743,Abbey Road Studios
3d6350b,2935517,Westfalenhalle 1
13d4c555,6534466,DatchForum di Assago
2bd63c62,2747351,Brabanthallen
33d75849,2673730,Stockholm Globe Arena
63d6329f,3161732,Vestlandshallen
43d6379b,6942479,Vallhall Arena
7bd63abc,2711537,Scandinavium
13d7fd9d,634963,Hakametsän Jäähalli
2bd6c856,2618425,Valbyhallen
73d6d68d,2624886,Gigantium
33d6ccbd,1856057,Nagoya Shimin Kaikan
1bd56530,1850147,Tokyo Kokusai Forum
23d208f7,1862415,Hiroshima Yuubin Chokin Hall
3d61d43,1850147,Nippon Budokan
4bd63b72,5097459,Continental Airlines Arena
1bd6c998,5141927,Nassau Veterans Memorial Coliseum
43d63b4b,4501018,Tweeter Center
13d635d1,4930956,Agganis Arena
53d61f39,4835797,New England Dodge Music Center
43d7df9f,2643743,Carling Apollo Hammersmith
43d61fc3,2964574,RDS Arena
63d6cecf,2639577,Little John's Farm
23d6d847,2644689,Bramham Park
63d6322b,5391710,Hyundai Pavilion
13d635d9,5308655,Cricket Pavilion
43d66bbf,5423908,Fiddler's Green Amphitheatre
23d63cf7,5251390,Alpine Valley Music Theatre
4bd61f56,4509177,Germain Amphitheater
43d63b57,4924198,Verizon Wireless Music Center
4bd62722,4913723,Tweeter Center Chicago
53d61f79,4749007,Nissan Pavilion
3bd63cf0,5182414,Post-Gazette Pavilion
7bd26aa4,4943021,Tweeter Center for the Performing Arts
7bd61e5c,2744912,Sportpark Boshoven
63d6326b,2876699,Flugplatz Roitzschjora
6bd61e52,6942479,Oslo Spektrum
13d5b519,2988507,Parc des Princes
13d01181,2514891,Huerto de la Rueda
5bd623b4,2267057,Pavilhão Atlântico
23d4acb7,2658216,Stadion Buchholz
bd625fe,3413829,Egilshollin
bd621ce,2778067,Stadthalle
1bd47524,3101619,Stadion Śląski
43d62b7f,3067696,T-Mobile Arena
13d639f5,6940394,Saitama Super Arena
23d1acdb,2128291,Hokkai-dou Kousei Nenkin Kaikan
bd6c9a6,5404794,Universal Amphitheatre
23d624df,5128581,Hammerstein Ballroom
3bd67428,3448439,Estádio do Pacaembu
63d62aeb,3451190,Claro Hall
3d605af,3037838,Le Galaxie
13d6d121,2747891,Ahoy
33d22809,2641170,National Ice Centre and Arena
3bd7f4ac,2641673,Telewest Arena
1bd6316c,3081368,Hala Stulecia
6bd61e5e,2879139,Arena Leipzig
43d623e3,2911298,Alsterdorfer Sporthalle
43d2c3ef,2796816,Brabanthal
bd5252a,2950159,Arena Berlin
2bd6c0ba,2910831,Eilenriedehalle
3bd638fc,2925533,Jahrhunderthalle
63d622cf,3117735,Palacio Vistalegre
53d50701,3129028,Pavelló Olímpic de Badalona
3bd624e4,3176959,Palasport
1bd4c550,6534466,FilaForum di Assago
5bd75fe4,3061186,Zimný štadión
73d7cae1,721472,Főnix Csarnok
3d6d1d3,2643743,Top of the Pops
53d6c301,5339111,Chronicle Pavilion
43d637ab,5391811,San Diego Sports Arena
bd63982,5367929,Long Beach Arena
5bd627f0,4684888,Smirnoff Music Centre
3d62d9f,5143198,Tommy Hilfiger at Jones Beach Theater
13d2f57d,4835797,ctnow.com Meadows Music Theatre
33d71869,4956184,Worcester's Centrum Centre
5bd777c0,2509491,Auditorio Municipal
43d00f2f,2516326,IFECA Jerez
73d0567d,8533399,Forum Fribourg
7bd79648,2759103,Festivalterrein Zomerweg
2bd7b83a,3061369,Zimní stadion Ludka Cajky
1bd6cd24,3188244,Radnik Stadion
5bd4a39c,3110044,Donosti Arena
43d54fe3,3117735,Plaza de Toros de Las Ventas
3d2452f,2761369,Wiener Stadthalle - Halle D
73d60acd,2861650,Frankenstadion
5bd6236c,3054638,Kisstadion
5bd61f98,3096473,Spodek
53d47781,2972328,Zénith Oméga
3d6d93f,2972315,Le Zénith
33d440b5,3121424,Palacio de Deportes de La Guía
3d00d17,3119841,Coliseum da Coruña
3bd6d4d4,2643743,Brixton Academy
73d6cac1,2643743,Shepherd's Bush Empire
73d7e2ad,264371,Agios Kosmas
7bd62238,2928810,Grugahalle
4bd73f56,1850147,Zepp Tokyo
5bd2cfdc,1856057,Nagoya-shi Koukaidou
7bd296bc,1863967,Fukuoka Sunpalace
33d63c95,1853909,Zepp Osaka
1bd221e4,1850147,Tokyo Kousei Nenkin Kaikan
23d7b853,2111149,Sun Plaza Hall
1bd62508,5506956,Aladdin Theater
73d3a2f9,5325738,Centennial Garden and Convention Center
3d28187,5359777,Irvine Meadows Amphitheatre
43d6c3e3,5308655,Blockbuster Desert Sky Pavilion
3d26dfb,5454711,Mesa del Sol Amphitheater
2bd6d096,4726206,Sunken Gardens Theater
7bd63674,5431916,Red Rocks Amphitheatre
23d2c493,5417598,Colorado Springs World Arena
2bd63802,5045360,Roy Wilkins Auditorium
7bd62658,4887398,UIC Pavilion
6bd63eae,4268521,Sandstone Amphitheater
53d637cd,4397340,Riverport Amphitheatre
3d6c953,4988998,Pine Knob Music Theatre
73d6cab1,5211303,Coors Light Amphitheatre at Montage Mountain
73d6c2c5,4501018,Blockbuster-Sony Music Entertainment Centre
7bd626cc,4975802,Cumberland County Civic Center
6bd63ed2,4835797,Meadows Music Theater
4bd63f32,6077243,Centre Molson
4bd5b386,2514868,Polideportivo Municipal
53d7bfed,3110044,Velódromo de Anoeta
73d486fd,2741672,Vilar de Mouros
43d6231f,2873891,Maimarkthalle
3bd6c498,2867714,Zenith
43d62b1f,2761369,Libro Music Hall
4bd52322,588409,Tallinna Lauluväljak
5bd6cfac,633679,Ruissalo
bd4d986,756135,Hala Torwar
1bd57504,2980294,Palais des Spectacles
4bd60f2a,3172629,Stadio Brianteo
3d6116f,3199017,Stadium
23d760e7,3061186,Amfiteáter
33d63c25,3067696,Paegas Arena
43d67bff,2973783,Parc du Rhin
4bd64b8a,264371,Peristeri Arena
1bd635f8,3118594,La Cubierta
2bd61c6a,658225,Jäähalli
7bd6c2c0,4684888,Bronco Bowl
3d6250f,5520993,El Paso County Coliseum
4bd61ff2,5368361,Greek Theatre
13d6398d,4887398,Aragon Ballroom
4bd62b16,5263045,Eagles Ballroom
3bd6287c,5150529,Nautica Stage
5bd62b10,6167865,Massey Hall
13d63981,4930956,Orpheum Theatre
3d01523,6325494,Agora du Vieux-Port
1bd639ac,6138517,Harbour Station
53d5171d,3448439,Estacionamento do Anhembi
6bd61a5e,3451190,Metropolitan
63d2d26b,1850147,Nakano Sunplaza
5bd2afac,1853909,Matsushita IMP Hall
1bd085e8,1856057,Club Diamond Hall
53d2cf55,1850147,Shibuya Koukaidou
6bd5c606,2639996,Portsmouth Guildhall
23d6388b,2638077,Sheffield City Hall
43d61feb,2641596,Newport Centre
23d28c57,2633691,Civic Hall
33d6cc59,2641170,Royal Concert Hall
43d5fbef,2648579,Barrowland
73d6cec5,2641673,Newcastle City Hall
7bd63a80,2643123,Manchester Apollo
2bd6d88e,3024635,Maison des Sports
bd78d12,2988358,Le Zénith
63d4e25f,6454924,Théâtre de Verdure
3d78d13,2518794,Campo de Fútbol
43d4d79b,2522258,Plaza de Toros de Albacete
bd61166,3104324,Pabellón Príncipe Felipe
2bd3288a,2968254,Le Transbordeur
33d44881,3033123,Palais des Sports
6bd62a52,2991214,Le Phoenix
3bd638e0,7287592,Eulachhalle
3d665db,6559110,Stadthalle
6bd4a29a,2911522,Easy Schorre
4bd63736,2950159,Columbiahalle
3bd7b0dc,2673730,Hovet
13d63905,2618425,Vega
bd63d8e,2929670,Thüringenhalle
13d27129,2923544,Stadthalle
7bd6c228,2867714,Colosseum
73d7fe49,3067696,Malá Sportovní Hala
1bd6d598,3054638,E-Klub
3d3c9bf,745042,Harbiye Cemil Topuzlu Açıkhava Tiyatrosu
5bd7abfc,734077,Theatro Dasous
1bd62118,264371,Lycabettus Theatre
4bd62b32,11414139,Auditorio Coca-Cola
5bd423a4,5391811,"SDSU Open Air Theatre, San Diego State University"
3d61dbb,5506956,The Joint at Hard Rock Hotel
73d62a25,5308655,Celebrity Theatre
3d3f5c7,4684888,Coca-Cola Starplex Amphitheatre
1bd78d24,4726290,The Road House
43d59b67,5128581,Roseland Ballroom
7bd7162c,6077243,Stade duMaurier
1bd63914,4997787,Wings Stadium
23d6c41f,5969785,Copps Coliseum
1bd629a4,4509177,Brewery District Pavilion
1bd4652c,4887398,Riviera Theatre
5bd303ac,2563232,Greek Theatre
33d648b1,2992166,Zénith Sud
6bd77a2e,2509954,Velódromo Luis Puig
1bd64d18,3106672,Plaza de Toros
4bd00f3e,6359872,Pavillón dos Remedios
63d6ce87,2269594,Pavilhão do Grupo Dramático e Sportivo de Cascais
3bd61c20,3117735,Palacio de Deportes de la Comunidad de Madrid
4bd6c356,3128760,Pavelló de la Vall d’Hebron
7bd63aa8,2988507,Le Zénith
13d6359d,2934246,Philipshalle
bd6217e,2910831,Music Hall
63d236b3,2947444,Sporthalle
3d075e3,3165185,Palasport di Chiarbola
4bd527c6,3173435,PalaVobis
3d33dbf,3169070,Palazzo dello Sport
73d78689,3171173,BPA Palas
7bd71ac8,3176219,Palazzo dello Sport
4bd44b8e,2994951,Zénith de Nancy
3bd65cc4,2998324,Zénith Aréna
5bd437c8,2641181,The Oval Rock House
1bd6c1e4,2673730,SVT Studios
bd609f2,3435910,Estadio Obras Sanitarias
43d6237b,3871336,Teatro Monumental
13d78de1,3464975,Estádio Couto Pereira
1bd5e1cc,3022071,Free Wheels Grounds
3bd26478,3024297,Théâtre de Plein Air
23d4e827,3122157,Pabellón Sotet
3bd01020,2509491,Estadio de Fútbol Nuestra Señora de la Caridad
6bd6d632,2520611,Estadio Príncipe Felipe
bd755da,2614790,Dyrskuepladsen
23d4bc63,2799511,Crossterrein Witte Berg
1bd65588,653627,Nummijärvi
43d37f37,1850147,Kan-i Hoken Hall
3d2cd57,1853909,Osaka Kousei Nenkin Kaikan
63d66e3b,1863967,Skala Espacio
33d63c41,1856057,Aichi-ken Kinrou Kaikan
6bd6d2e2,5368361,The Palace
3bd6c0dc,5809844,Off Ramp Cafe
2bd61c8e,5777793,Saltair
6bd63666,5419384,Ogden Theatre
63d7aa8f,5454711,Midnight Rodeo
63d3ee73,5525577,The Depot Warehouse
13d625a9,4684888,Deep Ellum Live
1bd645bc,4726206,Sneakers
bd645b2,4699066,The Millenium
53d6db65,4641239,Club 616
6bd73e02,4167102,Shades
2bd6c4f6,4155966,The Edge
bd35992,4167147,Embassy
2bd7c84e,4180439,The Masquerade
73d62219,4407066,Mississippi Nights
4bd62b96,5037649,The Mirage
1bd639bc,5263045,The Rave
1bd63da8,4887398,Vic Theatre
5bd6cfb8,4920423,Piere's Entertainment Center
73d62a09,4508722,Annie's
73d5968d,5150529,The Odeon
13d63d39,4990729,Harpo's
53d533bd,5206379,Metropol
5bde97f8,5192726,Metron
73d62a6d,5102162,Birch Hill Nite Club
23d6c0ff,4347778,Hammerjacks
43d61f23,4560349,Electric Factory
2bd6c416,5128581,The Academy
23d63877,5224151,Lupo's Heartbreak Hotel
6bd6d26a,4930956,Avalon
7bd77204,6167865,RPM Club
23d440c7,6077243,Auditorium de Verdun
13d6c159,6325494,Pavillon de la Jeunesse
3bd634d8,2641170,Rock City
53d20fa5,2964574,SFX Hall
63d652a7,2655984,Maysfield Leisure Centre
2bd5d44a,2992292,Centre Athanor
1bd63580,3196359,Hala Tivoli
33d6649d,3172681,Palageorge
73d57241,3171180,PalaEvangelisti
1bd58d04,3172394,Teatro Palapartenope
2bd57086,2525790,PalaTupparello
73d622f9,2743477,IJsselhallen
73d63abd,2886242,E-Werk
4bd63f2e,2864820,Hugenottenhalle
6bd63ac2,2825297,Messe Congress Centrum B
23d634d3,2867714,Terminal 1 Flughafen München
2bd624da,2950159,Huxley's Neue Welt
4bd61f6a,2911298,Docks
1bd61dd0,2944388,Aladin
3bd61c60,2879139,Haus Auensee
13d635b1,2910831,Capitol
43d63f13,2657896,Volkshaus
3bd274e0,3209505,Salle des Fêtes
13d395a9,3181913,PalaOnda
73d62a79,3170147,Palasport
5bd527e4,3173435,PalaTrussardi
73d6ce8d,3173331,Palasport
6bd526ca,3165524,PalaStampa
53d413b9,2517117,Pabellón Ifagra
13d76d2d,3117735,Pabellón de la Ciudad Deportiva del Real Madrid
43d4f3db,3114472,Pabellón Anaitasuna
2bd6c04e,2949186,PC69
5bd6d790,2799746,Brielpoort
53d54361,2644689,Town and Country Club
53d62399,2618425,KB Hallen
63d796df,2711537,Kåren
33d63461,6942479,Sentrum Scene
3bd7f0f4,2673730,Cirkus
bd61dde,658225,Kulttuuritalo
23d7908b,3067696,Prumyslovy Palac
4bd75fda,3056508,Športová hala Bôrik
7bd4f60c,3054638,Petőfi Csarnok
23d1bce7,683506,Sala Polivalentă
33d634f9,727011,Hristo Botev Hall
3d78d03,734077,Ivanofio
3d6117b,3369157,Good Hope Centre
43d37f2b,1007311,Village Green Casino
6bd61686,993800,Standard Bank Arena
2bd054b2,293397,Tel Aviv Cinerama
13d78d0d,294801,The End
6bd58a22,281184,Sing Sing
7bd206b4,7290170,Pinewood Studios
2bd6d426,2659496,Patinoire du Littoral
7bd626e4,2655984,King's Hall
bd6118e,2643123,G-MEX Centre
13d6d901,2643743,Wembley Arena
bd61d7e,3014728,Le Summum
bd61976,6534466,Forum di Assago
3d78dd7,2523679,Palasport
13d61dc5,3169070,Piazza San Giovanni in Laterano
73d51e71,3173914,Palaghiaccio di Marino
1bd78dd0,6535597,Campo Sportivo
1bd52158,3165524,PalaRuffini
5bd53704,3031005,Chapiteau
43d637e3,2954172,Schwabenhalle
5bd637fc,2842647,Saarlandhalle
5bd6c720,2944388,Stadthalle
bd6c112,2805615,Carl-Diem-Halle
4bd6377e,2988507,Élysée Montmartre
73d6c609,2759661,Rijnhal
33d7d4e5,3060972,Zimny Stadion Ondreja Nepelu
23d7b83b,3068799,Palác kultury a sportu
33d01491,3128760,Sala Zeleste
13d3d5ed,3110044,Polideportivo Municipal José Antonio Gasca
1bd6310c,3117735,Sala Canciller
13d78de5,2268339,Kadoc
4bd60f76,1850147,Yoyogi Daiichi Taiikukan
bd5618e,1848354,Yokohama Bunka Taiikukan
63d6c207,1853909,Festival Hall
7bd21e80,1865387,Amagasaki-shi Sougou Bunka Center
3bd11464,1862415,Hiroshima Kousei Nenkin Kaikan
3bd22060,1859307,Kyuushuu Kousei Nenkin Kaikan
6bd6c292,1856057,Rainbow Hall
73d63e0d,2147714,Hordern Pavilion
7bd62afc,2158177,Festival Hall
7bd62644,2193733,Logan Campbell Centre
63d63a1f,3646738,Poliedro de Caracas
7bd7664c,4005539,Estadio Tecnológico Universidad de Guadalajara
63d30297,4562832,Juan Ramón Loubriel Stadium
1bd495ac,3104324,Carpa de la Chimenea
63d72e0f,3128760,Plaza de Toros Monumental
43d05f9f,3169522,Arena Campovolo
63d3c6af,3032833,Arènes de Béziers
43d59f27,3037542,Hall des Expositions
13d7111d,2991214,Palais des Sports
2bd720c2,2988507,Grande Halle de la Villette
bd0512e,2659136,CIG de Malley
13d22139,2798139,Vorst Nationaal / Forest National
4bd6c76e,2873891,Maimarktgelände
3d6c14f,3451190,Ginásio do Maracanãzinho
6bd4cea2,3441575,Estación Central General Artigas
73d40e79,3435910,Hacelo por Mí
33d3fcad,4174403,Sunrise Musical Theater
5bd62718,4602814,Starwood Amphitheatre
43d6276f,4460243,Blockbuster Pavilion
7bd62e9c,4180439,Coca-Cola Lakewood Amphitheatre
13d629b9,4726206,Freeman Coliseum
4bd6c752,5289282,Compton Terrace
6bd626d2,5341430,Cow Palace
43d6c35f,5389489,Cal Expo Amphitheatre
6bd6c2de,5780993,Salt Palace
3d6c9cf,5045360,St. Paul Civic Center
63d6d23f,4913723,World Music Theatre
13d795e9,6167865,C.N.E. Coliseum
bd3a18e,6077243,Forum de Montréal
5bd4f73c,6094817,Coliseum Building
63d62a87,6325494,Colisée de Québec
2bd6283a,5134086,Rochester Community War Memorial
63d29e9b,5128581,The Ritz
7bd63e04,3413829,Laugardalshöll
33d72481,3004837,Circuit Paul Ricard
43d62f03,7287592,Steinberggasse
53d6c391,2661552,Festhalle
53d63f59,1850147,NHK Hall
73d06231,10981738,Oomiya Sonic City
13d6c9d9,5325738,Bakersfield Civic Auditorium
53d61fc5,5389489,ARCO Arena
33d6d415,5809844,Seattle Center Arena
3d62ddf,5750162,Salem Armory Auditorium
43d6d79f,5946768,Northlands AgriCom Hall D
1bd625d8,6141256,Saskatchewan Place
53d6d399,6183235,Winnipeg Arena
63d626d3,4908179,Rosemont Horizon
1bd63540,4407066,The Fabulous Fox Theatre
3d62113,5037649,Target Center
5bd62348,4393217,Kemper Arena
63d63e2f,5419384,McNichols Sports Arena
3d61d5b,5454711,Tingley Coliseum
3bd3e48c,4726206,HemisFair Arena
3d625e3,4684888,Fair Park Coliseum
33d56491,4699066,The Summit
bd6c11e,4508722,Cincinnati Gardens
73d62601,5168025,Richfield Coliseum
4bd6c306,4801859,Charleston Civic Center
2bd634d2,4758023,Patriot Center
43d33fbf,5206379,A.J. Palumbo Center
5bd333c0,4560349,Spectrum
3d731f3,4839366,New Haven Veterans Memorial Coliseum
1bd6c9bc,5224151,Providence Civic Center
6bd2fa72,4956184,Centrum in Worcester
53d6d7ad,5106834,Knickerbocker Arena
73d626dd,5097459,Brendan Byrne Arena
53d63f05,6167865,Maple Leaf Gardens
73d4e2b9,6324729,Halifax Metro Centre
63d6c29f,2797670,Limburghal
13d34d4d,2634032,Whitley Bay Ice Rink
63d21297,2650225,Royal Highland Exhibition Hall
7bd62648,2867714,Rudi-Sedlmayer-Halle
1bd65d88,3165201,Palasport
23d6d4ff,2950159,Deutschlandhalle
53d6cbb1,3159016,Drammenshallen
73d6c295,2751773,Groenoordhallen
13d6c105,3128760,Palau dels Esports
13d6059d,2643743,Hammersmith Odeon
3bd6d414,2647525,Victoria Hall
1bd62d48,2640101,Poole Arts Centre
33d34c0d,2640681,Torbay Leisure Centre
23d6c8cb,2651347,Assembly Rooms
33d5f06d,2653942,Cambridge Corn Exchange
3d6cdaf,2645425,Hull City Hall
4bd63f0e,2644210,Royal Court Theatre
53d6cbb5,2644668,De Montfort Hall
63d406f3,2639913,Preston Guild Hall
7bd21628,2656708,Ayr Pavilion
6bd6260a,2657832,Capitol Theatre
2bd424b2,2650225,Edinburgh Playhouse
5bd617b8,2640729,Apollo
63d4c257,2637487,Mayflower Theatre
1bd6c980,2642465,Woughton Centre
13d67d85,2673730,Johanneshov Isstadion
5bd6cb54,3117735,Casa de Campo
5bd4d7a0,3114472,Plaza de Toros de Pamplona
23d5f01b,264371,Nikos Goumas Stadium
43d65faf,3173331,Festa de L'Unità
7bd642a0,2746301,Koning Willem II Stadion
5bd6c390,2775220,Olympiahalle
3bd62470,3054638,MTK Stadion
1bd7f508,2947416,Ruhrstadion
bd64d82,2834498,Mainwiesen
1bd63110,2643743,Queen Mary College
3bd2bc00,4762894,Hampton Coliseum
53d637b9,4460243,Charlotte Coliseum
5bd63f00,4360287,Capital Centre
63d6265b,4174757,USF Sun Dome
13d38975,4168139,Hollywood Sportatorium
bd6c122,4152872,Ocean Center
3d62ddb,4335045,Kiefer UNO Lakefront Arena
43d63b0b,4671654,Frank Erwin Center
73d62e21,4691930,Tarrant County Convention Center
7bd14eec,4180439,Fox Theatre
33d6c41d,5141502,RPI Fieldhouse
63d676db,5132143,Mid-Hudson Civic Center
4bd6234e,5206379,Civic Arena
23d6d013,4990729,Joe Louis Arena
53d41fcd,4509177,Ohio Center
5bd623d4,4259418,Market Square Arena
33d624bd,4850751,Five Seasons Center
6bd62eee,5018739,Met Center
2bd48446,5074472,Omaha Civic Auditorium
43d623cb,4407066,Kiel Auditorium
3bd62004,5809844,Seattle Center Coliseum
bd6c14a,5811696,Spokane Coliseum
23d6c06f,5913490,Olympic Saddledome
2bd6c06e,5946768,Northlands Coliseum
6bd6da22,6167865,CNE Grandstand
63d62eef,6094817,Ottawa Civic Centre
6bd4e2ba,6076211,Moncton Coliseum
5bd50b3c,5110302,L'Amour
bd2f1ae,2886242,Empire
bd5c116,1857910,Kyoto Kaikan
3bd63c1c,5392171,Spartan Stadium
53d61ff1,5506956,Thomas & Mack Center
43d6c37b,5511077,Lawlor Events Center
63d7b26b,6119109,Agridome
23d624bf,5174035,Toledo Sports Arena
1bd6c154,5195563,Cambria County War Memorial Arena
bd6d5aa,5110629,Buffalo Memorial Auditorium
63d5d61b,4509884,Hara Arena
23d6c07b,4347778,Baltimore Arena
3d6c12f,5180224,Stabler Arena
3bd6c070,5007989,Wendler Arena
bd6c12a,4985153,Kellogg Arena
4bd3b7de,5263045,MECCA Arena
bd62122,5261457,Dane County Coliseum
63d6c23f,4393217,Municipal Auditorium
33d63c11,5318313,Tucson Convention Center
73d62655,5308655,Arizona Veterans Memorial Coliseum
bd63d12,5350937,Selland Arena
3bd66474,5378538,Oakland-Alameda County Coliseum Arena
2bd2947a,5391710,"Orange Pavilion, National Orange Show Events Center"
1bd485b8,5389489,Sacramento Sports Arena
43d62f4b,5746545,Portland Memorial Coliseum
bd629ae,4280910,Kansas Coliseum
63d4368f,5516233,Amarillo Civic Center
1bd6c120,4683416,Memorial Coliseum
13d5f5c5,4553433,Expo Square Pavilion
7bd6c2ec,4543762,Lloyd Noble Center
63d62a97,5525577,Municipal Coliseum
63d63ecb,4684888,Reunion Arena
4bd637ba,4180439,The Omni
23d388eb,4161438,Lakeland Civic Center
6bd6265a,4160021,Jacksonville Memorial Coliseum
43d57fdb,3172394,Palazzetto dello Sport Mario Argento
6bd4566e,2659994,Halle des Fêtes de Beaulieu
4bd74fa6,2875376,Friedrich-Ebert-Halle
63d5422f,6694210,Hemmerleinhalle
53d62741,2996944,Palais des Sports
63d62647,2972315,Palais des Sports
73d63621,2692969,Isstadion
43d42fab,2655603,Birmingham Odeon
1bd419ac,2654994,St George's Hall
63d632df,2644210,Empire Theatre
33d6c8fd,2654675,Colston Hall
7bd47a50,2653822,St David's Hall
5bd6cbb4,2638853,Cornwall Coliseum
2bd79036,3093133,Hala Sportowa
3d6191b,3099434,Hala Olivia
6bd62a06,3088171,Hala Arena
7bd606c8,3080985,Hala Makoszowy
13d6cd39,2778067,Eisstadion Liebenau
63d63adf,3186886,Dom Sportova
bd7e9da,792680,Hala Pionir
1bd5814c,2947416,Diskothek Tarm-Center
3d631cf,5392171,San Jose Civic Auditorium
7bd62a84,4853828,Veterans Memorial Auditorium
73d2c269,5062458,Red River Valley Fairgrounds
53d1b7d9,6332120,Trout-Air Amphitheater
3bd72808,5272775,Outagamie County Fairgrounds
73d4f2c5,4905687,Peoria Civic Center
bd6c142,4896075,Poplar Creek Music Theater
5bd3e3fc,4988575,Castle Farms Music Theater
bd6d9a6,4257227,Mesker Amphitheater
5bd6275c,5178127,Allentown Fairgrounds
33d62839,4951788,Springfield Civic Center
13d6c155,5118693,Glens Falls Civic Center
1bd7a118,5109177,Broome County Veterans Memorial Arena
3bd3148c,2174003,Brisbane Festival Hall
43d31367,2155472,Newcastle Civic Theatre
4bd2df9e,7839770,Shellharbour Workers Club
63d63e8b,2078025,Thebarton Theatre
13d67549,2172517,Canberra Theatre
33d720d9,5856195,Neal S. Blaisdell Arena
3bd64070,4544349,Myriad Convention Center
1bd3e5a0,4739526,Waco Convention Center
3d6c1eb,4418478,Mississippi Coast Coliseum
3d6c127,4672989,Beaumont Civic Center
33d778e1,4068590,Von Braun Civic Center
3d629af,4049979,Boutwell Auditorium
63d6425f,4612862,UTC Arena
73d626d5,4171563,Bayfront Center
13d625e1,4155995,Lee Civic Centre
23d6c0ab,4580543,Greenville Memorial Auditorium
43d62343,4634946,Knoxville Civic Coliseum
bd6c9ee,4644585,Nashville Municipal Auditorium
4bd6672a,4641239,Mid-South Coliseum
33d6c071,4633419,Freedom Hall Civic Center
bd6c14e,4575352,Carolina Coliseum
23d624c7,5128581,Radio City Music Hall
13d63989,4835797,Hartford Civic Center
3d6c11f,4509177,Ohio Expo Center Coliseum
13d6c5b9,5913490,The Stampede Corral
1bd6c164,5964700,Sudbury Community Arena
23d188f3,2996944,Espace Tony Garnier
bd5e5ce,3173435,Teatro Tenda Lampugnano
6bd6264a,3181928,Teatro Tenda
4bd49b92,2842884,Walter-Köbel-Halle
1bd6197c,2618425,Brøndby Hallen
1bd4b1ec,2988507,Espace Balard
1bd72110,2925177,Stadthalle
2bd62c9a,2990999,Parc des Expositions
73d6d289,2929863,Rhein-Neckar-Halle
63d6d28b,2886242,Sporthalle
73d6d661,2637487,Gaumont Theatre
73d632fd,2654675,Bristol Hippodrome
4bd6cbae,2646057,Gaumont Theatre
7bd62614,2648579,Apollo Theatre
3d7c557,3031582,Palais des Sports
73d7fe41,3117735,Estadio Roman Valero
4bd54f02,6458924,Pavilhão Infante de Sagres
73d44a2d,6432577,Arènes de Palavas
7bd4ce30,3182834,Ex Caserma G. B. Revelli
4bd763da,3170147,Parco Galvani
73d61645,3054638,Budapest Sportcsarnok
43d4afd3,2760610,Sportzentrum
bd761da,3088171,klub Adria
63d62e83,2659994,Palais de Beaulieu
1bd64d28,2820256,Donauhalle
5bd0fb90,3129028,Pavelló del Joventut de Badalona 
23d2a0fb,2996944,Palais d'Hiver
43d44bbb,3003952,Parc des Expositions
bd66986,2752923,Rodahal
4bd637fe,2891122,Ostseehalle
4bd793b2,2911298,Messehalle 8
3d6c113,2910831,Niedersachsenhalle
33d5f825,4273837,Memorial Hall
3bd6c450,5072006,Pershing Center
3d3a9f3,4776222,Scope Arena
3d6c9cb,4347778,Baltimore Civic Center
53d667f5,4509177,Ohio Theatre
1bd48d00,4998830,Lansing Civic Center
13d6c129,6942688,Centre Georges-Vézina
53d73ffd,6173577,Kingswood Music Theatre
13d6c901,4951579,Cape Cod Coliseum
3d6c9eb,5140405,Onondaga War Memorial Auditorium
2bd63cde,5188843,Erie Civic Center
3bd638c4,4990729,Cobo Arena
1bd6c140,4920423,Allen County War Memorial Coliseum
4bd63fee,4299276,Louisville Gardens
63d6d6ef,4119403,Barton Coliseum
63d6c28f,4641239,North Hall Auditorium
1bd3e9f0,4341513,Hirsch Memorial Coliseum
5bd63f54,4699066,Sam Houston Coliseum
13d6c9f1,4684888,Dallas Convention Center
4bd3ef86,5525577,Lubbock Memorial Civic Center
4bd6c3aa,5389489,Sacramento Memorial Auditorium
3bd7185c,6173331,PNE Exhibition Bowl
1bd2c110,5586437,BSU Pavilion
6bd2c6ca,5820705,Casper Events Center
13d62d49,2759794,Jaap Edenhal
73d6da19,2618425,Falconer Salen
3d6293f,2640729,New Theatre
6bd75e3a,1855431,Niigata Kenmin Kaikan
5bd2b340,2128291,Sapporo Shimin Kaikan
4bd20b0a,1857910,"Kyoto Kaikan, Daini Hall"
5bd6d3b4,2147714,Capitol Theatre
43d603eb,2172517,Bruce Indoor Stadium
33d634c5,2158177,Palais Theatre
3d7b9a7,4368711,Wicomico Youth and Civic Center
13d6c931,5192726,City Island
3bd62844,4809537,Huntington Civic Center
3d6c99f,4887398,International Amphitheater
4bd66be6,4907959,MetroCentre
2bd624d6,4407066,Checkerdome
bd761fe,5511077,Mackay Stadium
13d60d99,2653143,Golddiggers
7bd62a90,5527554,Ector County Coliseum
23d624f7,4887398,Navy Pier
7bd6c288,4259418,Indiana Convention Center
6bd3c6a6,4250542,Prairie Capital Convention Center
4bd2c3ce,5059163,Bison Sports Arena
13d6c161,5913490,Max Bell Centre
6bd2e2da,5946768,Kinsmen Field House
5bd3df20,6174041,Victoria Memorial Arena
7bd6c224,5378538,Oakland-Alameda County Coliseum
7bd6262c,5323810,Anaheim Stadium
7bd292f0,5809844,Hec Edmundson Pavilion
43d6c757,4889426,Danville Civic Center
4bd6277a,5129951,Rich Stadium
3d73197,5118626,Northstage Theater
13d6c9cd,5128581,The Palladium
2bd7c00e,5992500,Kingston Memorial Centre
2bd26c1a,4553433,Tulsa Assembly Center
4bd6c3e6,4431410,Mississippi Coliseum
63d3866f,4174715,Tallahassee-Leon City Civic Center
7bd7fe98,4188985,Columbus Municipal Auditorium
1bd1cd54,4180439,The Agora Ballroom
3d2f1d7,4853828,Iowa State Fairgrounds
33d6c0c1,4853423,Palmer Auditorium
6bd67e26,4923482,Holiday Star Music Theater
73d626a9,4299276,Memorial Auditorium
6bd62e8e,4992982,IMA Sports Arena
73d64a09,2831948,Messehalle
2bd04ce2,2929863,Eissporthalle
13d6055d,2867714,Circus Krone
2bd0b076,2805615,Kürnachtalhalle
bd64126,2947416,Ruhrlandhalle
4bd62b3a,3019257,Agora - Centre Commercial Evry 2
5bd78f70,2991214,Palais des Fêtes
4bd617c2,2973783,Hall Tivoli
53d6178d,3014728,Alpexpo
33d644f9,3021372,Palais des Sports
4bd73f7e,2986495,Les Arenes
1bd44984,3030300,Parc de Penfeld
5bd76b68,6456407,La Rotonde
13d7e171,3033391,Patinoire
23d644fb,3024223,Hall Comminges
43d617c7,2992166,Palais des Sports
73d712bd,6452026,Pavillon Baltard
3d701eb,2998324,Palais des Sports Saint-Sauveur
23d78c6f,2984114,Maison des Sports
53d36395,2655009,Bracknell Sports Centre
63d4ba1b,2646458,Huddersfield Polytechnic
4bd6c396,2650657,Queensway Hall
bd6d1c2,2643743,Ruskin Arms
5bd62f80,2643743,Rainbow Theatre
6bd03a86,3173435,Teatro Tenda San Siro
13d05dd1,3171728,Palasport San Lazzaro
2bd6c8fa,3176959,Teatro Tenda
3bd79094,3169070,Teatro Tenda
53d4b32d,3181928,Palazzo dello Sport
3bd5b05c,2618425,Odd Fellow Palæet
6bd392b2,2693678,Olympen
3d67d87,2673730,Göta Lejon
3bd6602c,792680,Hipodrom
3d42977,2989459,Théâtre Antique d'Orange
1bd621b0,2938913,Stadion am Böllenfalltor
bd7e98e,2759549,Sportpark de Berckt
6bd62e22,5391710,Swing Auditorium
5bd63b70,4561879,Tower Theatre
2bd63872,5106834,Palace Theatre
23d6c0a7,5140405,Landmark Theatre
23d63403,5134086,Auditorium Theatre
23d1d053,5110629,Shea's Buffalo Theater
bd7a14e,4588718,Myrtle Beach Convention Center
13d331c9,5206379,Stanley Theatre
23d624a3,5095281,Convention Hall
6bd712be,5150529,Agora
73d3ca81,4900739,Pointe East
1bd3b970,5263045,Henry W. Maier Festival Park
33d600f5,6077243,Le Club
13d26d0d,6167865,The Concert Hall
2bd3e83e,4738606,Moody Coliseum
4bd3ef96,4705349,Laredo Civic Center
63d77237,4709796,La Villa Real Special Events Center
2bd2207a,1856057,Aichi Kousei Nenkin Kaikan
53d63735,2911298,Markthalle
73d63ec9,2750053,De Vereeniging
1bd63d60,2751773,Stadsgehoorzaal
bd2cda2,2801472,De Roma
5bd78f74,6454159,Rothonde
3d33ddb,3031582,Salle des Fêtes du Grand Parc
4bd78f76,2842647,HM Festival
43d78f77,3020894,Salle de la Bulle
6bd6c692,2831948,Ausstellungshalle
5bd617dc,2892794,Gartenhalle
2bd60ce6,2867714,Schwabinger Bräu
13d7c939,2810716,Main-Tauber-Halle
6bd62ada,2929567,Stadthalle
5bd63bb8,3173435,Rolling Stone
33d65431,3175986,Palasport
13d0599d,3181554,Palasport Eib
2bd77036,3169522,Palazzetto dello Sport
23d78c63,2972328,Patinoire Vert Côteau
3bd78c6c,2993760,Salle des Fêtes
63d6c2c7,2988507,Le Bataclan
53d5bb59,3014080,Salle Paul Lamm
43d617df,2650225,Odeon Theatre
63d28afb,2642607,Middlesbrough Town Hall
33d478b5,2655095,ABC Cinema
73d61ab1,2636177,Taunton Odeon
23d3686b,2647793,Guildford Civic Hall
53d357f5,2644972,University of Lancaster
63d45237,2641181,"The LCR, UEA"
53d61749,2944388,Bremen TV Studio
73d29e79,2643743,"The Old Grey Whistle Test, BBC Television Theatre"
6bd6366a,2643743,Marquee Club
5bd75314,2639563,Coatham Bowl
5bd5ebac,2644689,University of Leeds
6bd6d666,2635042,Brunel University Student's Hall
5bd587ac,6556329,ZDF Television Studios München
5bd67758,2673730,Eriksdalshallen
4bd6c722,2892794,Schwarzwaldhalle
5bd7f338,2911298,Ernst-Merck-Halle
53d6475d,2988507,Hippodrome de Pantin
3d7a5e7,2998324,Parc des Expositions
4bd70f52,6451576,Parc des Expositions
23d63827,2892518,Eissporthalle
4bd6c726,2925533,Rebstockgelände
7bd646e0,3173435,Velodromo Vigorelli
13d3d11d,3171180,Stadio Comunale Santa Giuliana
6bd3f29a,3169070,Parco della Mole Adriana
43d7e7e3,2634276,West Runton Pavilion
33d4d8ed,2636811,Crown And Anchor
2bd638a6,6296555,Kuusisaaren Paviljonki
2bd2c82e,2639996,Mecca Locarno
13d63d59,2654710,Top Rank
3d61d4b,2656173,Bath Pavilion
63d352a7,2641181,St Andrew's Hall
23d60c47,2636432,Brangwyn Hall
7bd59a30,2653305,Central Theatre
3bd7e4bc,2634910,Unity Hall
1bd62140,2650752,Caird Hall
4bd7e7e2,2636532,Mecca Centre
7bd22e54,2638077,Top Rank Suite
73d67e7d,2653822,Top Rank
2bd60c12,2648063,Malvern Winter Gardens
3d63d5b,2654675,Locarno
73d66211,2636388,Brunel Rooms
13d36505,2633691,Civic Hall Bar
1bd6c984,2655525,King George's Hall
5bd7e7e8,2633744,Grand Pavilion
3d60da7,2653775,Market Hall
3d6353f,2657832,Music Hall
3d21113,2650732,Kinema Ballroom
3bd6c8c8,2641673,Mayfair Ballroom
3d27dc7,2644487,Lincoln Drill Hall
1bd2154c,2647878,Grimsby Central Hall
3d65953,2640194,Fiesta Club
43d77beb,2643743,Bandwagon
3bd2cc30,2794056,Hallen
43d62fdb,2636841,Trentham Gardens
1bd53938,2639789,Deeside Leisure Centre
73d47a3d,2644689,Leeds Polytechnic
3bd63454,2653822,Cardiff University
4bd5fbee,2655603,Top Rank Suite
bd41112,2650346,The Porterhouse
6bd5ce4a,2639996,Portsmouth Polytechnic – UHH
53d6c395,2644668,University of Leicester
5bd733e8,2641022,Queen Elizabeth Hall
53d6033d,2643097,Civic Theatre
1bd4f940,2643743,Lyceum Ballroom
73d71605,2643123,UMIST
33d7e4bd,2654675,Romeo & Juliet's
6bd64eea,2650225,Tiffany's
63d60eff,2649469,St. Andrews University
23d55c2f,2648579,University of Strathclyde
3bd210b4,2657832,University of Aberdeen
3d63137,2643743,Music Machine
73d66609,2655603,Bingley Hall
7bd5323c,2649808,University of Exeter
2bd66c0a,2654675,Granary Club
3d60db7,2643743,North East London Polytechnic
73d49a9d,2643743,Golden Eagle
43d4d72f,2642607,Rock Garden
63d4b2bb,2634740,Lion Hotel
6bd49aa6,2655613,The Gallery Night Club
1bd275fc,2643743,The Nashville Room
63d49a9f,2644210,Metro
2bd65892,2654200,76 Club
6bd6d282,2643743,BBC Radio 1 Studios
7bd49a98,2655603,Marshall Rooms
3d2759f,2636616,The Marshall Rooms
7bd49aa4,2639989,9 Volts Club
33d7a4cd,2644210,
5bd5237c,2655459,Norbreck Castle Hotel
73d49a99,2657832,Ruffles
13d70179,3345283,Royal Naval Hall
bd65946,2641700,Memorial Hall
33d6c461,2641170,Nottingham Boat Club
23d20c23,2643743,The Swan
6bd7f21e,2633691,Club Lafayette
63d49a9b,2656195,Double Six
7bd7ba20,2643743,Fulham Greyhound
7bd37a64,2636432,Circles
7bd6c210,2643743,Rock Garden
43d7e7e7,2643743,Global Village
63d49aa7,2653516,Saxon Tavern
7bd49aa0,2641181,Boogie House
73d49aa1,2635124,USAF Base
5bd36794,2656725,Axminster Guildhall
6bd63676,2647793,University of Surrey
2bd22886,2653942,Cambridgeshire College of Arts and Technology
bd60daa,2654710,Brighton Polytechnic
7bd73258,2643743,Bridge House
63d49aa3,2643743,The Brecknock
4bd123fe,2643743,Cart & Horses
bd7c1e6,2643743,Green Man Roundabout
1bd7912c,2633583,The Tramshed
33d6c835,2643743,The Half Moon
2bd4a09a,2643743,The Harrow
13d49da5,2643743,Plough and Harrow
6bd5be2a,2643743,Teviot Street
73d4b2b9,2649889,
63d5be2b,2643743,Wapping Park
bd6595e,2654675,Stars and Stripes
33d44ce9,2643743,"Assembly Rooms, Walthamstow"
13d6d1f1,2643743,Queen Elizabeth Hall
3bd5682c,2643743,Waltham Forest Technical College
5bd2e744,2651621,The Merry Fiddlers
3bd368b4,2643743,
3d5351b,2643743,Windsor Castle
3bd468d0,2643743,St Nicholas Hall
